<?xml version="1.0" encoding="UTF-8"?>
<countries>
         <country>
	 <Name>Afghanistan</Name>
         <Code>AFG</Code>
	 </country>
         <country>
	 <Name>Albania</Name>
         <Code>ALB</Code>
	 </country>
         <country>
	 <Name>Antigua and Barbuda</Name>
         <Code>ATG</Code>
	 </country>
         <country>
	 <Name>Andorra</Name>
         <Code>AND</Code>
	 </country>
         <country>
	 <Name>Angola</Name>
         <Code>AGO</Code>
	 </country>
         <country>
	 <Name>Argentina</Name>
         <Code>ARG</Code>
	 </country>
         <country>
	 <Name>Armenia</Name>
         <Code>ARM</Code>
	 </country>
         <country>
	 <Name>Austria</Name>
         <Code>AUT</Code>
	 </country>
         <country>
	 <Name>Azerbaijan</Name>
         <Code>AZE</Code>
	 </country>
         <country>
	 <Name>Bahrain</Name>
         <Code>BHR</Code>
	 </country>
         <country>
	 <Name>Bangladesh</Name>
         <Code>BGD</Code>
	 </country>
         <country>
	 <Name>Barbados</Name>
         <Code>BRB</Code>
	 </country>
         <country>
	 <Name>Belarus</Name>
         <Code>BLR</Code>
	 </country>
         <country>
	 <Name>Belgium</Name>
         <Code>BEL</Code>
	 </country>
         <country>
	 <Name>Bhutan</Name>
         <Code>BTN</Code>
	 </country>
         <country>
	 <Name>Belize</Name>
         <Code>BLZ</Code>
	 </country>
         <country>
	 <Name>Benin</Name>
         <Code>BEN</Code>
	 </country>
         <country>
	 <Name>Bolivia</Name>
         <Code>BOL</Code>
	 </country>
         <country>
	 <Name>Burundi</Name>
         <Code>BDI</Code>
	 </country>
         <country>
	 <Name>Burkina Faso</Name>
         <Code>BFA</Code>
	 </country>
         <country>
	 <Name>Botswana</Name>
         <Code>BWA</Code>
	 </country>
         <country>
	 <Name>Brazil</Name>
         <Code>BRA</Code>
	 </country>
         <country>
	 <Name>Bulgaria</Name>
         <Code>BGR</Code>
	 </country>
         <country>
	 <Name>Cambodia</Name>
         <Code>KHM</Code>
	 </country>
         <country>
	 <Name>Cameroon</Name>
         <Code>CMR</Code>
	 </country>
         <country>
	 <Name>Canada</Name>
         <Code>CAN</Code>
	 </country>
         <country>
	 <Name>Chad</Name>
         <Code>TCD</Code>
	 </country>
         <country>
	 <Name>Chile</Name>
         <Code>CHL</Code>
	 </country>
         <country>
	 <Name>China</Name>
         <Code>CHN</Code>
	 </country>
         <country>
	 <Name>Colombia</Name>
         <Code>COL</Code>
	 </country>
         <country>
	 <Name>Comoros</Name>
         <Code>COM</Code>
	 </country>
         <country>
	 <Name>Congo</Name>
         <Code>COG</Code>
	 </country>
         <country>
	 <Name>Costa Rica</Name>
         <Code>CRI</Code>
	 </country>
         <country>
	 <Name>Croatia</Name>
         <Code>HRV</Code>
	 </country>
         <country>
	 <Name>Cuba</Name>
         <Code>CUB</Code>
	 </country>
         <country>
	 <Name>Cyprus</Name>
         <Code>CYP</Code>
	 </country>
         <country>
	 <Name>Czech Republic</Name>
         <Code>CZP</Code>
	 </country>
         <country>
	 <Name>Denmark</Name>
         <Code>DNK</Code>
	 </country>
         <country>
	 <Name>Djibouti</Name>
         <Code>DJI</Code>
	 </country>
         <country>
	 <Name>Dominica</Name>
         <Code>DMA</Code>
	 </country>
         <country>
	 <Name>Dominican Republic</Name>
         <Code>DOM</Code>
	 </country>
         <country>
	 <Name>Ecuador</Name>
         <Code>ECU</Code>
	 </country>
         <country>
	 <Name>Egypt</Name>
         <Code>EGY</Code>
	 </country>
         <country>
	 <Name>Estonia</Name>
         <Code>EST</Code>
	 </country>
         <country>
	 <Name>Ethiopia</Name>
         <Code>ETH</Code>
	 </country>
         <country>
	 <Name>Finland</Name>
         <Code>FIN</Code>
	 </country>
         <country>
	 <Name>France</Name>
         <Code>FRA</Code>
	 </country>
         <country>
	 <Name>Germany</Name>
         <Code>DEU</Code>
	 </country>
         <country>
	 <Name>Ghana</Name>
         <Code>GHA</Code>
	 </country>
         <country>
	 <Name>Greece</Name>
         <Code>GRC</Code>
	 </country>
         <country>
	 <Name>Guatemala</Name>
         <Code>GTM</Code>
	 </country>
         <country>
	 <Name>Haiti</Name>
         <Code>HTI</Code>
	 </country>
         <country>
	 <Name>Hong Kong</Name>
         <Code>HKG</Code>
	 </country>
         <country>
	 <Name>Hungary</Name>
         <Code>HUN</Code>
	 </country>
         <country>
	 <Name>Iceland</Name>
         <Code>ISL</Code>
	 </country>
         <country>
	 <Name>India</Name>
         <Code>IND</Code>
	 </country>
         <country>
	 <Name>Indonesia</Name>
         <Code>IDN</Code>
	 </country>
         <country>
	 <Name>Iran</Name>
         <Code>IRN</Code>
	 </country>
         <country>
	 <Name>Iraq</Name>
         <Code>IRQ</Code>
	 </country>
         <country>
	 <Name>Ireland</Name>
         <Code>IRL</Code>
	 </country>
         <country>
	 <Name>Italy</Name>
         <Code>ITA</Code>
	 </country>
         <country>
	 <Name>Japan</Name>
         <Code>JPN</Code>
	 </country>
         <country>
	 <Name>Jamaica</Name>
         <Code>JAM</Code>
	 </country>
         <country>
	 <Name>Kenya</Name>
         <Code>KEN</Code>
	 </country>
         <country>
	 <Name>Laos</Name>
         <Code>LAO</Code>
	 </country>
         <country>
	 <Name>Lebanon</Name>
         <Code>LBN</Code>
	 </country>
         <country>
	 <Name>Luxembourg</Name>
         <Code>LUX</Code>
	 </country>
         <country>
	 <Name>Malaysia</Name>
         <Code>MYS</Code>
	 </country>
         <country>
	 <Name>Maldives</Name>
         <Code>MDV</Code>
	 </country>
         <country>
	 <Name>Myanmar</Name>
         <Code>MMR</Code>
	 </country>
         <country>
	 <Name>Mexico</Name>
         <Code>MEX</Code>
	 </country>
         <country>
	 <Name>Nepal</Name>
         <Code>NPL</Code>
	 </country>
         <country>
	 <Name>Nigeria</Name>
         <Code>NGA</Code>
	 </country>
         <country>
	 <Name>Netherlands</Name>
         <Code>NLD</Code>
	 </country>
         <country>
	 <Name>North Korea</Name>
         <Code>PRK</Code>
	 </country>
         <country>
	 <Name>Norway</Name>
         <Code>NOR</Code>
	 </country>
         <country>
	 <Name>Oman</Name>
         <Code>OMN</Code>
	 </country>
         <country>
	 <Name>Pakistan</Name>
         <Code>PAK</Code>
	 </country>
         <country>
	 <Name>Peru</Name>
         <Code>PER</Code>
	 </country>
         <country>
	 <Name>Philippines</Name>
         <Code>PHL</Code>
	 </country>
         <country>
	 <Name>Poland</Name>
         <Code>POL</Code>
	 </country>
         <country>
	 <Name>Portugal</Name>
         <Code>PRT</Code>
	 </country>
         <country>
	 <Name>Qatar</Name>
         <Code>QAT</Code>
	 </country>
         <country>
	 <Name>Romania</Name>
         <Code>ROU</Code>
	 </country>
         <country>
	 <Name>Russia</Name>
         <Code>RUS</Code>
	 </country>
         <country>
	 <Name>Saudi Arabia</Name>
         <Code>SAU</Code>
	 </country>
         <country>
	 <Name>Singapore</Name>
         <Code>SGP</Code>
	 </country>
         <country>
	 <Name>Slovakia</Name>
         <Code>SVK</Code>
	 </country>
         <country>
	 <Name>South Korea</Name>
         <Code>KOR</Code>
	 </country>
         <country>
	 <Name>Somalia</Name>
         <Code>SOM</Code>
	 </country>
         <country>
	 <Name>Spain</Name>
         <Code>ESP</Code>
	 </country>
         <country>
	 <Name>Sri Lanka</Name>
         <Code>LKA</Code>
	 </country>
         <country>
	 <Name>Sweden</Name>
         <Code>SWE</Code>
	 </country>
         <country>
	 <Name>Switzerland</Name>
         <Code>CHE</Code>
	 </country>
         <country>
	 <Name>Tanzania</Name>
         <Code>TZA</Code>
	 </country>
         <country>
	 <Name>Thailand</Name>
         <Code>THA</Code>
	 </country>
         <country>
	 <Name>Turkey</Name>
         <Code>TUR</Code>
	 </country>
         <country>
	 <Name>Uganda</Name>
         <Code>UGA</Code>
	 </country>
         <country>
	 <Name>Ukraine</Name>
         <Code>UKR</Code>
	 </country>
         <country>
	 <Name>United Arab Emirates</Name>
         <Code>ARE</Code>
	 </country>
         <country>
	 <Name>United States</Name>
         <Code>USA</Code>
	 </country>
         <country>
	 <Name>United Kingdom</Name>
         <Code>GBR</Code>
	 </country>






</countries>